{"type":"FeatureCollection","features":[{"type":"Feature","id":"610723","properties":{"name":"洋县","cp":[107.549962,33.223283],"childNum":1},"geometry":{"type":"Polygon","coordinates":["@@F@DCHGFCBCHCFAFCJCPAH@FAJ@H@H@HAFAHCD@HIDEDEDEHGDGFEFGDGLCH@RBJAJBJBJB\\FHBNDJFFDFHFHFDLFHFHDJBH@RCF@HAHBJFH@LFDDNFFFDDFDDFHDJBJAFAFALAFAH@LFJDHDPJHFPDFAJBFAJCDEDCHCHCFCHCJAJ@FDFDFCDA@IBK@M@MAEBK@EDGDEFELAHAJALAL@TGHCFAHGFGBGDIB[AICQAG@GCG@GAIAI@G@SAK@KAM@KAUBIA[DOAK@KBIDGFGRMHCLCJEJCNAPAPCNALAX@`CLB@A@AFCFC@CAEAEBCFCJABAF@FBDDBBFABBDBB@BEFCHBFHDDHB@@HCHEHEBADBJAD@DCLEJCLKHIJGBGBQFMNUFGDGDEDI@IDE@M@GFGJCHIJCJAFEFC@I@E@IBGBE@C@C@C@GBE@@@A@A@AAA@@EECG@CFIDECCAEBEHCAE@GD@DFLFDADC@@F@JBJDDHBHBAF@DBFAHGBG@C@@DA@@FABABCD@DADA@ACCACB@BC@ADCDAD@BDB@DCNGBE@IEC@CCGGEDA@ADAFGBCAAG@AC@GAEDC@AECG@@AEAIOBABCCCEEABCBCH@DFDDH@BCCGBGBGFC@CAAEBC@ECMBCDA@CCC@DCBAAC@ABIHCBC@AA@AAACCACEAAAC@EFGHA@CAAA@CBG@CBC@GACEEE@CBCBADCDGFIBEFCBIDE@SCEE@AIACC@CE@C@ABA@@@CCA@ABC@C@C@@@EBGBIBKBGBKDMBQ@WEICICEEIGGGGEAGGIMOCGECKCMCEAIAG@I@G@GEECAEAECGEGGGIGKGIEKEEEGEGEGAICMAKEOA[@G@MFGFGBMDOFG@OGGICEGEM@KAGCEECECEIEECGAICMAQAGAEAMAIAIAGAIAK@ICK@K@GAIBIEELEDEFEJCDCH@FGDC@@@GAABA@AA@CEAI@CGAACAE@GDE@@BE@E@@@@BABC@AD@BB@@BGDEJ@FBD@D@BBDBBBJCBEBGBCFAFADCD@BLHDB@B@BAD@DFADD@DABCBADEBG@CBAD@B@B@BA@@@CAEECAA@CACB@DD@BBBB@B@B@@A@@@ABEBA@@@@B@DBB@@BBDBDB@@ABCFAB@DABMHPLGDKBSDUJEDGBA@DFBPADA@ADED@DBFBH@FBD@DCDCDCB@D@NBDAJ@J@DEBC@EEA@CFCH@JCHAJBJ@Z@J@HCHELAH@RFHFDFJFLDJCJEHDDDD@BDHFJGJCLMJCFEJGFBDBNCH@B@BBDBB@B@B@BBJAJ@HAFEFEFINGR@JAJBLBLDHDDDJTTBHFDFHBFFF@F@F@J@FAP@P@FBFDFFDDDH@PFLBFBF@FBL@LDNADDJBJBFFDDHN@LEHEFEHMNCDGBI@I@KDK@K@IDEHEBGFGDGHGFGDCFBF@FBF@FCNCFEBGBU@IBK@I@IBKBGBGBI@GBI@E@IDI@I@I@GBMAIAI@GAK@GDEBIFCFCHCHEFCF@FAHAFAJCHIBPJF@P@JDF@HBL@LDFBHBHBHBH@HFJBFBHDDBFHBDBHBDDFFDFFFDHBJ@HBL@F@"],"encodeOffsets":[[109885,34515]]}}],"UTF8Encoding":true}