{"type":"FeatureCollection","features":[{"type":"Feature","id":"610702","properties":{"name":"汉台区","cp":[107.028233,33.077674],"childNum":1},"geometry":{"type":"Polygon","coordinates":["@@AGCGGMGQCGCICGAIESAIAIACAIAEAE@EBEFCJ@HBLHRLJLHDH@DADK@KDK@AFCXAJBD@BEEIAGBQFKBGRCLYJQHKNIBG@KBIKCKCCE@I@GFIDEHGNININOJcFGJGFGBE@EAE@IDGDGKMGYSYYOFKBGCEECOOWUUIEKCGBEDSLADAFILGJMHIBK@CCAAWOC@A@@BABGDKHGACDKLEJCPENGFWNQHKJIFGHIF@@ADE@@DAD@@AHCFIBCBCAA@DHJPDDBDCJ@BBFBFAB@DF@B@DHADBB@FCBC@BFLHHJDFFFB@HFDDBD@JDHDFFRBHBFAPAHAFABGHIDGBIAGBGDUPONK@KECBGHGB@BSECAIFEFIDGDGFCJAH@HBJFHDHDJFFHBPAJALEBEHGPGFCFAHFFDLBNFFLBFHBH@PANCTBNALALDNHDFCNDPFN@LBDLFJFDH@HBHHHDDJFJDNBN@HBD@FDTBPA"],"encodeOffsets":[[109640,34166]]}}],"UTF8Encoding":true}