{"type":"FeatureCollection","features":[{"type":"Feature","id":"610728","properties":{"name":"镇巴县","cp":[107.89531,32.535854],"childNum":1},"geometry":{"type":"Polygon","coordinates":["@@@ABA@A@ADCBEBAAG@KFUFOBGAKKG]@KDMJKBYHYFE@GAGBKACEDIHGN@NCTIRKLKNINKHMNU@GBM@ILOJGLGLIHIDEHOEOCIOCKEKIY[SIOGKEIGIEGIUKE@KBGKNMAGKASBQLWL]DQ@UCKMFW^sF[ECI@IHMFG@EEAGBQJMJGNWDKL]FUFEZSNGPSJUHIJS@MKGOCOK@ACCAA@@@E@CA@AACAACACA@@AA@@CAA@A@AACACAA@ACAAAAAC@CB@@C@@AA@A@A@CBA@A@@AA@AAA@ABA@@@ABCBADABA@A@ABCAC@EBGBABA@ADGFA@CBC@ABA@AB@@C@CACACACAA@C@@@CDA@CB@@ABAAA@CCCA@AAA@@@CCEACAAC@CAC@ABAD@@A@A@@@AA@A@@@AAA@ACAA@AAC@EBA@A@ADABABABC@A@AAA@AA@AAA@@@AA@ECCAA@AAAAA@@CBADADA@A@@DA@A@A@A@@@ACCCACECE@@@@@AB@BC@@BA@@@@@A@@A@AA@A@@@ABA@@BAB@@@B@B@@@BC@A@CAA@AA@AA@@ECAAAACAAAA@CA@AA@ACAAAAACAA@EAAAEIGCCC@C@A@C@SAA@ABA@KNCDIJC@GDEBAB@HA@@BCBEFCDEDCDGHMLAD@BCDEFABC@@BCAAAABABC@A@A@CJ@@C@ABADCBABAAE@EDADABE@CDAAIMGGAAMBI@EC@@AB@DABEHIHCBIDE@AB@@@BBF@BABABO@EFCBGJ]`AD@@ADAF@DADAFEJCDCD@BCDCDCBC@ABABABAB@BCFADCFCFAD@BADAFCFAFCFABABEFMNAB@BBBAD@@@BCDABABAB@B@F@DAB@BA@A@GAIAGCC@EAC@IEAAC@C@G@GAGDEBCBAB@@AD@F@BAD@BABEBAB@BENCH@BAD@D@B@BDF@D@F@DABADCFABKJABCRADAB@@A@ABA@CAC@@@@@A@C@A@CDC@CDGDEFCDEFABCBA@CAECEAGGIBI@I@MAGBEDCBEDI@A@@A@@CAA@AAA@A@@@A@@AC@AAA@AA@@A@A@@@A@@@BA@@@AA@AB@@@@AA@@@@A@@@A@@AA@@@@BA@@@A@A@@@A@@@@@@@@C@@A@A@@A@@@@@A@AAA@AB@B@B@@@@@CAKCEBKCG@GAGCGCCAGCECIAE@EBEBCBIBGHEDEHAFCDIVCHETGB@A@@AA@@A@EBCBAA@@AAAAAC@@AA@@BA@@A@@@A@CA@@A@@@@@A@A@AA@@@@A@AB@@ABABA@@@A@@A@@@@BA@@@A@@AA@@ABA@ABA@@AA@@@@DAB@BAB@@B@BBBBA@EB@@E@AB@@@@@B@BB@@BAB@BBB@@DB@BB@B@B@@BDBBB@@@D@B@BB@B@@@B@@@@@B@@B@BAB@@AB@@A@@B@@BDBFA@@F@@@BA@@BAB@B@BA@ABEBABA@A@A@@B@B@@@B@B@@@@A@E@A@A@A@@@@ADA@@@A@A@@@@ABABABAB@@C@@@@B@@@B@@AB@B@@@@@F@@@B@BAB@@B@BB@@@@@@@BABA@AAA@A@@@AB@@@F@@AB@@BB@B@F@FB@@B@@AFAB@@@B@B@BAB@@CF@@@B@BDFFHBB@BBDBB@@@B@BADAF@DBF@B@DABABAD@F@FBBBBBBB@FBD@FAD@@BFBBBD@D@B@B@BB@BDBB@D@D@DABBDDDFDFDFDAFCHAD@FD@@DDB@D@FABB@B@B@@AFADCHCHCFJDDBBD@BAD@JCFABALCJ@D@BDBB@F@BBB@BBBBBAHH@@BABEFCFAD@DAD@BBBJ@F@BDDBBBJBFDDBDDBB@FDFBBDB@BBHAB@FC@@D@BFBHBFBHNTLNJDLFbLLFNDF@LFNDJDHFDFBF@FAJBF@FBFFHHHRNHDJFDDFFDJFH@HBF@DBHBD@R@HBHDFFDDFFHFDHFJFHFFHFDJBFDFBJB@FBFBH@BBDD@DBHAPIHEF@DC@EDC@CJIBABCBC@ABE@A@AACCGAC@AAA@A@C@C@EBC@CBGBA@CDC@AB@BABAB@F@F@FBLDB@DBFBFBDBFDTFF@LBJBD@FAF@LCBADABAF@H@DBFBDBFDFBDBD@F@FAD@BA@AAC@A@CB@V@BALCDAFAB@FADADC@AB@BAB@BBDBDHDDB@@@FBBBBBBBBFDFDFFDBBFDBBJBB@B@BHFdFBFBHAH@HAFFDHBFFLBHBHFFJFJDPBHBH@JBRJLGHKDEDUAYB]@UDOJ[LgNQVSPSJOFMRQRKHODSHOLMJCT@LFBABABAB@HDNHJFH@D@@DBF@@BB@HB@@BBDDDBB@@B@B@@@@A@AB@@ABAB@BA@@DAB@D@F@B@D@B@B@B@D@B@F@F@D@BEDC@A@@FABBAFDBFDDFAHCFAFIHAF@BBB@@LBHFBFB@DAB@FAD@BAB@B@B@B@DBDFBBBBB@F@B@BAD@DAB@B@BAD@TALALEJE@ECE@MBKDEAABA@CAA@A@A"],"encodeOffsets":[[110854,33442]]}}],"UTF8Encoding":true}