{"type":"FeatureCollection","features":[{"type":"Feature","id":"610726","properties":{"name":"宁强县","cp":[106.25739,32.830806],"childNum":2},"geometry":{"type":"MultiPolygon","coordinates":[["@@B@@@DA@A@ACCCCA@CCAA@@@ABAD@DCBADC@@B@FDDDF@DAB@B@D@F@B@@BBABAFAHCFGDAFBJJHBZCNC@@@@@AGO@CFI@EDENKBI@CDEDCLDD@B@B@BAF@D@FBF@D@D@DBB@B@B@BCBAB@@@DBB@BBBABAJADAHBD@D@B@BBABADEFABABEBA@C@ABBBND\\NJFFDJFHFPFHDLDXJLBFDJBFFJLHHNRDFDFJFLDXDPDJ@L@HBH@LDJFHFTFNHHFLDN@JATELCLCNCJEHCLCHAJEHAHCJCHCJCLGLGLCDEFELMDEJGDGFEHEHCDK@IEICEAGAKBEDGDEFEHC@GAGGCEAGAEAGCEAGECA@EFEDGDGFEFEFENGFCJCJABABBD@DB@DB@HBBBFB@@B@@AFC@@B@BB@BB@@@B@B@BAB@DB@@B@FA@BB@@F@@@BD@H@B@BBB@@B@D@D@@@BB@@@F@BBBA@@@@@B@@A@@BBB@@B@FAB@@@B@@ABCBCDABCBADAFA@@@AAA@A@AB@@A@E@AB@@ABA@A@@DABCBABADCHED@B@@ABCBE@A@@DB@A@C@E@@D@BBB@@@BABG@C@@B@FBBBB@B@B@B@@B@@A@@@@@@B@@@@H@F@F@DAD@D@DBB@B@@ADE@@DALBH@J@HAFCFAFEFCHAHCN@HANAJAJ@H@HAB@BA@ADEBC@ACA@AG@GEAACAC@A@AAE@EAGCAACAAA@@BC@A@EA@@A@@BAB@@@@A@@@@A@A@A@@BA@ACAA@@CAA@@@BA@@B@@AB@BABCGAIAGCGCIEECGCEGAC@G@I@E@GBMAGAU@GDE@EBG@C@AKEIGCAAAAC@@BA@CBE@C@C@AAC@A@AHEBCHAB@DA@A@GACEK@ABAF@B@@ABCCCEEEACCC@CAAC@ABGBC@CBC@C@@DE@@@ABC@A@@BA@ADC@C@@@EB@@A@A@A@@BA@@BA@@@A@A@@BA@AB@BABAD@DCDC@ABABABOBOBCBADAD@DABAB@BABABCBCBGB@B@D@D@B@B@@@BC@ACEBCAE@CA@A@C@AAAC@AEAAAGCA@AA@CAEACCAA@AA@A@AA@C@@@AA@EBC@A@@CCCAACCEBEFIHOBGDG@E@MQCCAE@A@A@A@ACAAAAA@GACACAC@A@@AACAEAG@CA@@@@AIBE@E@EAABG@E@GBK@CBEBABCDCFCBABA@A@A@@AAE@C@C@EAC@CBG@C@@@AA@CAQOKIECCCACKEA@A@ABC@IBEBA@CCA@A@A@GBCDCBKJCH@DBDABA@CBABA@@DDLADQJILCDEDEDIFCBABADCBAB@@AAA@@@MBEBA@E@G@GACBOFKDKBEBA@AACCEEAAC@G@EAE@GCE@A@GBEDCDCFAH@FABCBABCDAD@BABGAIAE@ABA@CFGAGCE@E@MBA@GDADA@ABC@AA@CAAC@C@GDK@G@GAEAA@GDGBADBB@DAHCFCBIAGCIACACDADCFAF@DADCBM@ABCBE@MAKCGBEBABABCRCDCDGBGBE@ABAB@DABADCDA@ABA@CA@@CFABABCBABIH@BJB@A@@@ADBBBFB@BBBBBBBDBB@BD@D@B@BAB@BA@@@ACECACCAA@CA@@AA@@G@@F@BC@A@CAK@AB@BBF@HBFBB@D@BDBB@HBN@DBBBDJFDB@B@D@DAB@DD@DBD@DABADABBBBDBD@DEHAB@@BHBF@BC@C@CDA@@@CAC@KACBA@EAA@@B@BDB@B@BA@IFADGDCDELC@EFABA@AD@BCD@B@@DDBDCDABADAD@BA@A@A@A@@ABC@CBAC@EAAA@C@CAA@@A@QLCBA@A@@A@@BE@E@GAC@CAAEACAEE@@@GAC@CAAC@A@CB@@AAC@AAA@KAED@B@BEF@BGHCDA@C@A@EDIHEDA@E@ECCCAAEGACAAEAAAKGGCA@E@KGA@A@C@ABEFCBEBC@C@A@GBCBCA@@A@CBC@CDABGDA@A@ECA@AACAC@GACBAAAACAEAG@AAA@EEEBA@AGACCCAACAC@ABCDCAIBEDCDCBA@C@G@AAAOACAC@A@CBCBCDC@A@CGEGKACFG@GBGBGBE@CA@ABABCBC@E@CAEEEGCGCCCAEAKEEAGCCCCBCFGRCHCBA@E@E@GEA@E@CDEDEAKIEGEIWJIBKECAMMCGECCAGBE@C@AECECACCCGAEA@C@K@A@C@GGIEGBC@GECCCICCCAIBE@CAGIAAAAM@IAU@EAE@A@GT@FAHCFABAD@F@DADA@CAECC@C@MCE@EBIFEHAH@J@F@FBHDFHDFBDDB@BFADADADE@EBEBADAFAD@FDX@D@BABABC@CAAAC@CBCCCAGCC@ABCDGVADBHBHDHBFIVCDAD@\\A@CBEBADABAHAFABMBMLEDCHGXBLBF@XBBFDB@BF^PBAD@LDD@FCLQFCJAHBFDD@LCHBFAFADCFEDEDEDCBGDGFEJGFEJ@L@JALBJBL@LDJ@J@HDFBDFFDFJHFHDL@FBF@HBDBH@HBHBTDJ@HBJ@HAH@JBTBHDLBJFJDJFHFJBHDHBHFJBFBLHXLJDFFHDDDJDDDH@JAHAJCNGHAFEH@HDHHFDFHDFDFFFFFHHFFHFFHLNPNDDFDDHBJFH@H@T@@FHHFAFAH@J@FCBGBCDGHEH@FBLBHBDDDH@H@FBBB@D@BFB@BEDEDADCHCDEDAHBNAHBDHDHHH@FAFD@BBF@DGFSA@@AHCFAHBDFFDDFBDDADCBCDEBCAGCEAEGMEE@CBCDCFBHDFFFJHFDJBHF@BLH"],["@@@E@@@A@A@@IA@@BH@DH@"]],"encodeOffsets":[[[108467,33964]],[[108623,33551]]]}}],"UTF8Encoding":true}