{"type":"FeatureCollection","features":[{"type":"Feature","id":"610721","properties":{"name":"南郑县","cp":[106.942393,33.003341],"childNum":1},"geometry":{"type":"Polygon","coordinates":["@@EBADCFAFGLCFEHAFGJCJEDGBCFGFGBEFCFAF@JCDFFHHJFFNFR@JFTFNDHDPAHAHIPALEJ@F@F@HBHBF@LCFCJEHCFEFEBODGAGBGDCFCDAJ@HBNDF@FBHBDBFBBADEBG@CBEAA@EACBCBC@G@GCE@ABEBCJABABC@C@E@C@A@CDC@G@C@AACAE@IACACACEACE@E@SFEDKBGAE@C@C@EBCAAAAECCCAEAYAKAGEC@EBCFEFCDCD@D@H@BABGBEBCAKEC@EBCBG@A@CFCBMAGAM@MCCACEAECCEAAAE@E@ECCECAC@CBEBADIDIBG@G@AAA@EBA@C@@A@G@A@@AA@AAC@@@A@AAC@@CCA@@@ABCBADBDAB@DAH@DBF@F@DAD@FAFBBFJ@B@DCBCBMAG@I@KAU@KBGBEBCBAAEGACACOAGCIEGGUOICMCCCCEIGCEEEMGEAIAEAOBA@GCEAKEAAAAA@CBA@E@E@C@I@CBMFA@CAA@E@KFEBCAA@CA@@AA@@@AA@@@CEA@AABAA@A@A@ACA@GAAAC@E@AA@@C@]CKAMA@N@FCHAHGPEJAFDFBDDBDD@@@BAD@FBB@@D@B@@B@BBBB@DBBDBF@DBBB@HDBBFB@BBDBBD@B@B@@DBFADDF@BAD@@A@A@C@C@A@A@AHADADABABA@ABCBC@CBABADAPAPABAB@BCDCDC@ABABA@@BAB@@@B@B@@AB@@AB@@@B@B@BA@@F@@@DCD@BAB@@@BAD@B@@CF@@@DAD@DADAH@BBDDBD@DDFBFFDDAD@BA@E@AB@BFLBD@H@BCBA@GBADGF@B@BBD@B@D@DAF@DAB@@BDBBDBJHLFBAHHPJFFFDHBTFLDJFHBHDFDJBPDLBLAJBJAJADAHAHCHAHEHCHCFCLIHAHCFAHCL@LBLBPBB@@B@FBD@BBBFBDB@@FAB@DBFBDBF@B@B@BABAHE@@BBBBBF@DBBBBBBDBBBBB@DBB@D@BABE@CBA@E@A@@@@BBBDBBBDBBD@FBB@BB@B@@ABABAB@@@F@F@B@@@B@ADC@A@AB@@@BB@@@B@@B@@@@B@B@@@@B@@ABA@AB@BBBDBDB@D@B@HEFCBC@GCAAA@C@@@CBEDCDABAB@BAF@BBDLLJLFB@D@@AB@@AFCBA@G@@@AB@J@D@BEFA@AB@BBBPBBBNJCHDBHHBD@BBBFFNJJFEFHDLBEDCJYDDHFDNHPDJHFFBFDJBH@DBFHDJBXCFFFFNJJBJDJDLHHBHBPIJ@JDFFFFHFHDHBHDJBJBFBPDXD@ADBFBFFCB@DD@DCD@BCDGHINI@@DANC@@JEHGJELIRGXMHEFMDOFILKDCHBLGHCBA@AB@D@XPBBDDL@JANGHIJKBEBCTKFCHALDJFVVPXDPFFHDLAPEZTZHZLNZEB@DGDEBECAGGKG@A@EAIEOAQ@C@E@AEA@CBA@A@AFCF@@CAEJCD@@CBC@ECEGEIECC@AMEICAE@CACC@IKAAACBA@EACKOCI@K@KDEFIFGJCHAJ@JABCEEGGKE@@A@CBEDC@AAGK@C@@CE@EA@A@@@A@ABA@@@@CAAACAAG@A@CA@@@ADAFCB@D@BA@A@E@C@A@@ACBC@ACEAAC@C@AAAACCCCAACA@A@A@CBCBA@C@@DAF@F@H@DBFFB@ADB@@BB@DABBDDBDFBB@FBF@BDDB@F@@@HBF@BABB@DBD@@BBB@B@D@BDAB@LC@A@AD@B@DEAA@A@ADA@C@CAAC@CEEEGEEACAECAC@@ECAAAACACAAACA@@DCDCBEDIBAFABCBGFUBEBGDGDGDEFEFGHEFCFCLIHOBGBIDIFGJANCLBLALCLAJ@JAJ@DADCDEBCBGBKBCJANBP@N@HCHEHAHCBABABA@A@C@A@A@ACCECCACAAA@AAA@C@A@CBCBABABAAAEAYIECGEGCCECEAEAGAEECCECEAGDGJEHENGHEFCFGBEFKDCBEJCFELAFAHAJCJAJ@H@HCHAHGHEDE@E@GBG@G@E@G@I@KAGAIBGBE@IDMDIDKLOFEHO@CCC@CCEEIGG@CCEEGCEEEICMEQGGAQEGCKCGCGCGGCE@C@E@C@KAEECGCCAEACE@K@GAKAIIMEGGECGBGAKKGGBEBCBIDEDGDQFGDSJEFEDEFCFGNAHAFCFAHCFGJGFCJIFKFIBGDIB@A@@AAA@AA@@A@@@A@C@@BA@A@@BA@@@A@C@AA@@A@@B@@@B@@@BA@CAG@@@A@A@@@ABA@EBCBOD"],"encodeOffsets":[[109699,33263]]}}],"UTF8Encoding":true}