{"type":"FeatureCollection","features":[{"type":"Feature","id":"610725","properties":{"name":"勉县","cp":[106.680175,33.155618],"childNum":1},"geometry":{"type":"Polygon","coordinates":["@@MDCB@@MJGJCHADC@CDC@@CDAEEEACA@BWCOCEAIAIAGCGAGCGEEEEEICI@OJGAGAKGICICIAMIEEEEWDIAGCAE@CAGCIAEEEIGOCMGECCGZCDIFCKAGCFEIEMIEEAA@AACGGCADGMIAAOAAA@ABAB@FE@A@C@IBA@@H@B@DABE@@BA@@@CEAIKKKAC@ABE@ABABADCFCDA@@D@B@BBHDD@DAFE@G@A@CCACAAA@ABAB@BA@@@A@@A@A@@@@@@AA@@@A@@A@@BAB@D@BCA@@@A@E@E@@@A@ABAB@BA@A@@AAA@EACCAAACAAA@A@@B@F@B@DAF@BA@A@CAA@CAAAACAAAAAAA@CAEAAAA@@GFABABA@A@E@CAEACAA@EB@@CAEAAA@AAC@E@AA@OAKAKAK@GDEBGDGBKJEDGDGDGFGBGDGBCBIBIBIAKBKAOCIAECGCGAIEKCSEGAECEEOIGGAB@B@DAH@FCF@HBVBHAN@H@F@J@HBDFHHDFDJFHDHDJBHBADABA@@BA@@@AB@@B@DB@@BBBDB@@AB@B@B@@@@@@B@@A@AB@@@BB@@F@BAD@@BBDBBBHDFBF@BBB@D@DBBBHFH@@BDB@BADCF@BABA@GBG@I@IBMBGBM@GDGBEDEFEBEDGBI@G@KACB@@CF@BA@A@CAC@C@CBE@E@G@@@@@@A@@@@B@@@@AA@A@A@A@AAEAA@@@@DAHAB@@A@AAC@@@@F@D@BCA@@@BAFAD@BA@C@GFCDABABADCB@@@BAB@BA@@B@F@BA@@B@BBB@B@@EBCBABADCBADAD@BA@@@A@EBA@@@AA@AB@@@@A@@@@ABAAE@@@A@@A@@@C@C@AA@AAA@G@C@@A@@@EA@@AEBA@@@CAA@ABA@A@@@A@@AAAA@@@ED@BA@@@EAAAGAA@@CCAC@AAABIBIDEDMHEFEFEFCHCHEF@FDBHFFBHDFBHBFBHDBH@HGDEFCFCHAFBLBHDFFJ@JNNHHRHLFPBJDRCL@L@LALDFFDFFPAJDBDBBBBBBD@DBB@D@BB@DB@B@F@BA@E@CB@BA@BB@DADCF@BAD@DBB@@@@DABABABAB@DBB@JCJ@D@@B@@ABGB@DCB@B@D@@@B@BBBDDFBDBD@@AB@@AD@B@BB@BFBDBD@B@DAB@B@BBA@CDABC@CBCBEHEDGHKHADCJAHBV@JDJ@F@HDHFDFJFJLL@FBFDFDDBFJLHHFHBFDFFFFHBDHJ@JDJBJBHAHGPEDCH@H@HAF@F@JBF@HAHCJCFCFCFEDCFCF@HAHCHAF@F@HAHAP@J@HAT@HEFC`ALCHCHLHHDDDFFFBFAJC@ABAB@BB@AB@BADC@C@CBC@ADAB@AAFAFBBDBDD@HCF@J@HADCD@DHHLB@DD@BF@D@BDDFDHBFDLAFCPCJ@H@HDHJDJBHDH@@@B@D@@D@DID@DBDDDBDDBBEBEHEDAHAD@B@B@B@BBB@@BB@@DBFDBDBFDDBBBBBDBBADA@@BBDDBDBH@FBHBDFHBFBFHFFDFFDDFDFHLGJELCFCJGDGFGBCDGBGBG@GCOAE@QCU@GEKCEBGAGAGCOAECIAIAK@@ACA@MEECAA@A@A@ABADABCBABCBA@ABEBA@AFE@ABAB@BCDABAD@B@HBDBDBHDDBJDFDHBNFD@JFFDB@B@DBDBFBDDFBFDLDJFJDHFFFHHHHHDJDJBJ@FGHIFGBKBGBE@EBEDCFCLELIDGDE@E@G@EBEBCDELIHCHAFADEDCBGCGEEIAGAE@GECE@EBEJGLCJGHGDGDCHIHIPQBAHA@@DABEBCBABABABAB@BA@ABA@A@ABCBABADAB@@AAAEEEECAAAAAACBA@A@@AAAAAA@A@@AA@@DM@E@I@IDGDO@EBEBGDSEECICGEGAI@GBGDIHEHCJCFEJEDBTF@AHAHGDALFL@PMVOHCHAJBHAJCHGBABEBGBOAEAGEQCECG@IACCCGEA@EECEGIKGAED@DA@EAABCCGA@E@@CBAAEAE@ADIACCCIOCGB@DBDAJADEBG@@BC@CF@BC"],"encodeOffsets":[[109508,33901]]}}],"UTF8Encoding":true}