{"type":"FeatureCollection","features":[{"type":"Feature","id":"610722","properties":{"name":"城固县","cp":[107.329887,33.153098],"childNum":1},"geometry":{"type":"Polygon","coordinates":["@@JADGBIBEBG@EDEFEDGDGDEJEFAHCL@HBJ@JBNBHAJ@J@J@JCF@J@HAJ@HAHALAJAJ@L@JAV@HAFADEDM@EAE@EAEDEHCHEHGHCHEFAFGJCL@L@LCJ@J@HADCNMFGFEFG@KGMCCEEIAIACCMBKCK@EAE@EAKAOEG@CCECCEAE@E@OBO@E@I@E@EEEAEEGECAGSSCICCCGAKAKBI@IHQJMFEFEBE@GBIAI@A@A@AAAAC@A@ADGAMACHEFIDENIDKHIEICG@ACCCCFGDICIEKEIECEG@QBGFKDG@G@I@YAIBIDG@IDGDEB@FFD@FA@C@IBIAC@M@CDADCDC@CAC@EAGAE@CFCBCB@BCAOCEB@HAFCVITCLAHCOKNGBA@CBADEBA@@CACAAA@@AA@C@A@@B@FABA@@B@@@@A@AAAAAC@@CDADBB@DBFFDB@@B@@A@A@ABCDAH@FABCDABA@CCCEB@CBC@A@ACAKG@ADCBCBEDEHAFADAAIAAAC@A@CAC@EFIHC@AA@@ABCD@BA@A@@F@F@@AF@HCF@DBBBDHJ@FB@DBBB@BAHB@@D@HC@EDGDCFIFEFCFK@CCEGCGCGEOKIGCECEBEBGDGAIAGKOECCGAEBGCGCG@CGEIAEAKCE@EECGCGEGEGGAKBI@GFARAJ@JAHAFEDC@ELAF@F@@ABC@EBC@C@A@AAAA@C@ACCGC@AA@ABE@GEECCC@AAOAAA@C@C@CAA@@AAAAA@CCAKGGGKGAEEGCGCEAMBEHEDGFEFCFCJCHADEDEFADSBG@EBIBE@GBEHKHGFGDEHEFGFEFEFIJKBC@GAI@ECCACCEAECI@GFILKDEDEMMEGCAA@EAMAQ@O@G@G@EACAG@ADA@E@ABABC@EBCBGDCB@@C@C@A@@@@CACA@A@ABABGDGBGFGDM@O@MAIBADALAHADCFCDCBI@IBI@KBKDKBKAMDIBEHCJAJAHGPKJEDEDGFEHEFCFCHCHAHAFEVAHADEBABCJAFCDCD@@DBBBDBDBBBBBFD@@BDFDDBFBHFFFDFD@BB@D@DCB@B@BBBCFA@C@@B@BKDA@CB@A@C@AAA@AC@CAA@BA@AAE@G@@@ECAACE@EAA@EAACCCAACBA@@AA@BCA@EECAG@E@E@CB@@@DABAD@D@B@BDBBBDDDDBBBBD@D@BBDF@BADBD@@@B@D@F@BABC@A@EDCB@B@@DBB@H@BBBDBB@D@@B@BAB@@@B@B@@FDF@@@DHLBBD@FCDAB@@@LFHHFFADIBI@GBIDEHEJCF@L@LDJLPBD@FABBDBBJLD@BD@DBFJDNF@BDDJFHFDF@FAD@DC@IDBF@DE@ED@B@BAB@DFB@B@F@DBRFPBJ@F@BLHHHDBAFCFCHA@YFCHCH@JBF@FAFEHIHEHIdMPMJMJGHCFEJ@H@JDFLDLDAJ@LAHMJGLIRKZQDAHELARBHFJAFC@IAWBED@BCL@LCLCBG@GCIKQKKGGAI@EDAF@FBFBFBJBDBJBJFTBJDHDJDHHRHNDHBHLFHBFHNLDFBF@FELCHEHGLCH@FBH@FFFBFBH@F@HBF@HAHAHCJEJEHEFCJAFEJEJCJCJEF@F@HCFCH@H@FBFFDFDFDJBJBRFJFHDFDDFHDFDFDDFDFHHBHBHHNDJDJFJDHBHFHFJBHDJFHDHFJTVFHHHFFDFFFDFFDDBHBHBR@"],"encodeOffsets":[[109766,34469]]}}],"UTF8Encoding":true}