{"type":"FeatureCollection","features":[{"type":"Feature","id":"610730","properties":{"name":"佛坪县","cp":[107.988582,33.520745],"childNum":1},"geometry":{"type":"Polygon","coordinates":["@@TBDBJ@L@B@DAB@NGDAFABAB@D@F@D@D@DAD@FAB@B@B@B@B@NF@BD@B@@@DAD@B@B@B@BAFCD@B@B@F@D@DADAHCDADADAFAD@DBFBDDB@B@BAJGBADCDA@AB@BABAD@@ADCFCB@J@B@FB@@DB@@BAFABADAB@B@DBFDFB@BDF@DBDDFDDBHBBBBBBB@FBB@D@BBBDFHDFDDBDBF@F@DBBBFDBD@BD@BDDD@B@BADIBADAFADADC@A@@@AFADA@AB@BAJBB@FABADBDDBB@F@BH@FBJHHDB@BABADCFCFCDCDABABBHBF@FAD@DAHAFAF@D@FAFCDA@@B@F@BBB@B@FCBADABAF@D@FAFCDA@AFCF@NGFANAFABADIBABA@A@A@GIMASJYJMFQIQBWEYJQPOEYOUB]JUBYGSEUPUTIXCZCTSVQTKVORGNSF]EOOQGGCA@CAC@QCCOFKLUHOKYKGGNKHGA@AE@C@A@C@A@CAAC@AAAG@AC@G@C@CAMMEGCGECCAIAIGCBA@CCFGBEAAA@C@EAECEEAEEIAGBI@A@@@ADEBKDADBD@BAAA@A@A@C@CBC@A[]KUBQACCBCB@@ABA@CA@A@AAAC@AAA@BACB@@@DAHGHEBCAE@ABAGCGICIAE@@@CDCBKECEC@@HBFGDAFBFDDCFEJ@DDHFF@@BB@B@B@B@@AF@H@D@D@DAFAH@J@F@JEDEFIBIDGJIDEH@H@NCF@JCJCFCHEHMVENARAHIHGJKLIDKFCDC@IBCAABGFGFGD@@GACCEGGAEDAFA@CAAAEBAACCEAE@ABIBEDADBFBF@DEDED@B@BKA_DW@KBMBODOBMBIDIFKDGDQNEHCHAJ@LBLCPB\\AJBV@LBN@LBL@T@HBJBJ@HDH@HBHDRBJA\\CJAHEHGHEBGDSHK@KBIBGBKBEFCFCH@FALBF@N@NAL@JCBFBDDFF@@BBBDBNFHBBBBBBFBFB"],"encodeOffsets":[[110281,34534]]}}],"UTF8Encoding":true}