{"type":"FeatureCollection","features":[{"type":"Feature","id":"610727","properties":{"name":"略阳县","cp":[106.153899,33.329638],"childNum":2},"geometry":{"type":"MultiPolygon","coordinates":[["@@DABC@CDGBEBIBIBI@KAKDIBO@Q@aDIFEHEJEHGHADGDGBKD_FE@GBS@G@IBOBG@G@EBEDGBG@GDEDEFCDEDEDEDIBG@GAE@I@EBE@G@GDGFCHOBGAGAICI@IGIACEGEECEAEEGGGIKAECCCEAE@EKKEIEIECCG@G@ECI@IAUBGDIBCLGHGFCFGDADAD@BADCB@AAA@A@CBA@C@CAEA@AAAA@C@@BA@@BC@CAEACCAA@A@A@@@C@ADA@CHABA@@@AC@I@IDA@CAA@ABABABCB@@@@AA@CBC@ADEBC@CAAB@@ADAF@B@@A@E@ACAA@@A@CAA@CACAAAACACABIEOCEEEKCKBK@K@QDICOAKEQGGGMMCLGDGFEFCHIHCFKNEFCFKDKHKHIDGDIDGDGBIFGBKDGDIFMDKDKDSFIBM@KCGEMGSEGEIEKCG@GAK@I@OCWCKCIECECEMQGGIKEEIAECKAWIKCGCOEGEIEECIE[MMCAABAD@B@FABABAFEBCBAAAA@C@C@GACBIBABABAAA@CA@@A@ABADA@A@A@CAC@C@E@EAC@E@ABA@A@C@KCCDCF@DAJMLCF@FEJ@DHP@B@@@@MDYDGABF@D@FADBH@LAH@HBH@HAFBFAH@HCJEFMHGDOFGDKJKLEHCDCBGDGBGBE@K@E@I@EAG@GCO@KAKCOBEBCDEBEFEFCHGFMFG@U@IBEBGBEBEDGFADAH@HDDAHCBIDGBM@M@KFEDCDEFEFEHAHAF@JDDLFBF@DDHAHCDEDCDEFEDCBGHEDCFEHEHMVEHGHCFCDBFHFLDHDJBJ@DAFCFCFAD@F@HAJ@L@L@J@L@HAJCRAJCJ@JBF@HAHBJBDFBDBHDNBFDF@JDH@LAJ@JAJAH@HELANAJFLDFDFHJBFBH@H@FAFDHDDJHHBTNHDDDHHFFJPBJBJHDJDDDDPDFBDFDH@FAT@JDLJDDFDDFFDBDFFDHDFBDDBFDDDDDBDBFBFBBAFBBBFKL@@BBD@D@DCFBL@F@J@JAFAFEBCD@BAD@DABBD@HDD@FBF@BDFBBAB@@E@G@GBCDAF@BAB@D@BBDFFBDBFFDHB@BBDBD@D@FAFAB@B@HEBAD@NFBDHFB@FBJFBBB@HCHA@@DAD@B@BCBATABAFGFABAB@DB@@D@LBDI@CIGGEA@C@ABOBAC@ABABAGMCIAA@ADEDAB@D@F@FBF@B@D@B@HBF@D@@@AFAFABBBJDH@L@D@BDDB@@@AB@B@BA@A@@AA@@AACBCACAAAAAA@AAA@@ABADABA@EAC@C@ABAB@DAD@@CBCBABAB@FBB@B@DAHADADEF@JAHCHAFALBNBHDJLLFH@HBJBLDJBHFHFFFDDHFFFHHHHNJLHLFHBJBL@JDLAHAFCDEFAFEDCLCHCHAH@J@FBHDHDJDHHHDFDHHHJFDPFJ@F@LFL@H@L@JBH@RCJE"],["@@@AA@E@C@A@A@CBE@CCECA@@@CDABCDC@AB@B@@BBDDB@DDDD@B@BCB@@A@@@KNCH@@BBDDDDDBB@FDB@CBAD@B@F@B@@@BBFBBD@BBDAD@BABAB@BCACFEHADA@C@ACAEBC@@AIGCAAA@A@A@ADAB@D@D@FBFBB@BA@@@A@AAAACAAAAAABABAB@BABC@C@I@A@@"]],"encodeOffsets":[[[109000,34421]],[[108489,33951]]]}}],"UTF8Encoding":true}