{"type":"FeatureCollection","features":[{"type":"Feature","id":"610724","properties":{"name":"西乡县","cp":[107.765858,32.987961],"childNum":1},"geometry":{"type":"Polygon","coordinates":["@@ACCADCLAPI`M@@@CAAGECEFGBA@ADBBBBD@D@DDDHDFBF@D@DBB@BF@BBCDEFADBF@DCFOGISICMBMNYCWBSBQEgMQGYBKH_RSJILQHW\\[BEJUEOIKGOAUF]AOCUQWSQWQQGOQCWDYLMNKX]DQFSJWVOH@FGAECEKCDGFEA@G@BAJKF@NDEKIK@EL@LHFFLBHIEKA@BE@ABAB@D@DBH@DBFAD@DCJCL@F@LHDABAD@BABAB@BAJABA@AB@@C@A@C@CBABCB@BABAF@@AFEJGB@@A@ABA@A@ABCBAHADAB@BABA@ABCBA@AHI@AB@BACGBKGIMGAEBAC@ABA@A@CBC@ABA@E@A@AAAACECAA@A@A@A@ABC@EBA@CBA@AEGEKA@@AA@ABEJGBEDEBGCEECCABEAAEB@@@BCDAFC@E@E@A@C@A@A@A@C@A@E@C@A@CB@@ABA@AB@BA@@B@B@@A@A@@@AACCAC@AA@@GAA@@AE@CC@G@IEMGGCA@ABABABKES@IDKNGPCTGPQLQRENIPOTUTMRKhI\\CP@VA^BZCVCFGLKHQIIAG@GAOAICIEEEAGAGEKAECGEEGBG@GBEAEAEcAGA@A@IAAAECAAECCECEAEAAAAAAEA@@A@CCCGCAAAA@ABA@@BCDCBEBA@EBCBKDABU@A@@D@BBD@BABC@EBE@C@CAEAECCAEACAG@E@ABCBABKDE@EBC@IAKAE@SEECCAEAEACAA@KCEAE@E@A@ABABA@@BCD@DABAH@DAD@F@D@D@BBB@BBDDHBD@B@BAF@BADADABIJ@DCD@FCDE@GFOJGBCAC@AC@AAGAE@EIAEAECIAECEGGEIEGEECEGCEECCEAG@G@QACAG@CAE@GEGCIEECCIEGCQMGGEGAE@EAEBI@EAECEGEICMCKEE@MCKEaKKEICKMMSAGAEAGAEC@@@EDA@GBAAA@ACEAECA@CAACCCAEAIAACC@A@EAIAAC@CBC@EBEDAFAB@@GGABAAAAA@AAE@A@CA@A@CDIBKBADE@IBC@AACCAICDEDGDGBCBE@@@A@AAAEBC@A@CC@@ECC@GBEDCBCECECECCAACBC@C@A@CA@AAAA@A@C@C@AAEA@AC@EBC@EAA@AAAAAA@E@EBCBAE@EDEBGBKBIDKDK@GBSAGBICGPEFKPCLCJCN@JAFAHBJBH@L@J@H@F@HAH@H@FCFGFGHGBGDG@I@IBIDGBEBKBEFIDAFCDELAFEHEDGFMHGFIFCHBHDFDFFDBFBHBFDFDFHDHFFDZJFBBBABABABAD@D@B@DBB@BBBDBDBFDDD@B@B@B@D@BABB@B@BD@D@@B@D@D@@@DAHCDAFAD@BABAF@B@BCH@DBFBH@H@P@R@NBFBB@DBFHNNCFCFKLEJ@HDJBFDFBDDD@FBJ@HADILEJEFEFEHGFCFEHGHGLAF@HAFAJ@FAHCTEBCFCFGBIDEDEDEFCHGFAFBNDFDHFHBFLHHHLHDB@DBBBB@BB@DBD@D@B@BBBP@BDDFDHFF@BAB@@BHDDD@B@DBBBBB@D@D@FAD@BA@@@EBEFKD@FCBEBG@IBIBQHEJ@LAHBFHFHDHDHFFF@LDFBJBHF@DDHDHAHBFDHFDLPBHBJCHAHAFDFDFJHPLHFHDHDDF@DJFJAHBL@L@JDL@JBHBJBJBNBFBHBRBNBJDHBFDJFDFDFFFHDLBN@HFDFHJPHH@PENCHAHENEH@\\@PBLFNBJDHBHFHFFFLFJFLHJHHHFHDHBFBFFDHFH@J@H@JBFBNDLDFDDHNPHJBHHFHHJHFFJDJDXFR@NALCHALAJAHAFA@@D@D@D@BAB@DD@@B@BAD@F@@DDDJB@BFFTDF@JCDAFEJAHEDCBCDADAF@FFBD@HAD@DAH@DBBDBB@HGFED@BBFBBDDDBB@BBBD@DAJGBAD@BBDA@CDD@DCBADDN@FADBFDBD@HEHAHADD@ACGEC@CDGDABAFFDDADABJPFB@BH@FD@BCDBF@HBDH@BBADEHCB@BCBHFDH@DFD"],"encodeOffsets":[[110643,34028]]}}],"UTF8Encoding":true}